rp,rl,rp,lower,upper
1.1,0.685190959,1.1,0.649541616,0.720840302
2,0.797290027,2,0.749441548,0.845138507
5,0.978793243,5,0.902649867,1.054936619
10,1.124314322,10,1.01160396,1.237024684
20,1.277318702,20,1.110444854,1.444192551
30,1.370442479,30,1.162818788,1.57806617
50,1.491720851,50,1.222572949,1.760868753
75,1.591226898,75,1.264741138,1.917712658
100,1.663618808,100,1.291674029,2.035563586